{"ts": "2025-12-31T01:49:20.411208+00:00", "type": "STATE_TRANSITION", "snapshot": {"topic": "using public money for space exploration", "round_idx": 0, "next_speaker": "A", "status": "OK", "error": "", "summary": "", "coherence_flags": [], "last_node": "UserInputNode", "turns_tail": []}}
{"ts": "2025-12-31T01:49:20.411208+00:00", "type": "STATE_TRANSITION", "snapshot": {"topic": "using public money for space exploration", "round_idx": 0, "next_speaker": "A", "status": "OK", "error": "", "summary": "", "coherence_flags": [], "last_node": "Coordinator->Agent", "turns_tail": []}}
{"ts": "2025-12-31T01:49:34.012224+00:00", "type": "STATE_TRANSITION", "snapshot": {"topic": "using public money for space exploration", "round_idx": 0, "next_speaker": "A", "status": "OK", "error": "", "summary": "", "coherence_flags": [], "last_node": "Agent(Scientist)", "turns_tail": []}}
{"ts": "2025-12-31T01:49:34.013993+00:00", "type": "STATE_TRANSITION", "snapshot": {"topic": "using public money for space exploration", "round_idx": 1, "next_speaker": "B", "status": "OK", "error": "", "summary": "Topic: using public money for space exploration. [R1:Scientist] QUOTE: (none)\nREBUT: While some may argue that investing in space exploration is essential for humanity's future, it is ...", "coherence_flags": [], "last_node": "MemoryNode", "turns_tail": [{"round": 1, "agent": "Scientist", "speaker": "A", "text": "QUOTE: (none)\nREBUT: While some may argue that investing in space exploration is essential for humanity's future, it is crucial to consider the financial implications of such a venture.\nNEW: A more effective approach might be to allocate public funds towards sustainable development initiatives on Earth, which have been shown to yield significant returns in terms of economic growth and environmental benefits.\nQUESTION: Can you provide empirical evidence to support the claim that investing in space exploration yields tangible economic benefits?\n", "meta": {}}]}}
{"ts": "2025-12-31T01:49:34.016812+00:00", "type": "STATE_TRANSITION", "snapshot": {"topic": "using public money for space exploration", "round_idx": 1, "next_speaker": "B", "status": "OK", "error": "", "summary": "Topic: using public money for space exploration. [R1:Scientist] QUOTE: (none)\nREBUT: While some may argue that investing in space exploration is essential for humanity's future, it is ...", "coherence_flags": [], "last_node": "Coordinator->Agent", "turns_tail": [{"round": 1, "agent": "Scientist", "speaker": "A", "text": "QUOTE: (none)\nREBUT: While some may argue that investing in space exploration is essential for humanity's future, it is crucial to consider the financial implications of such a venture.\nNEW: A more effective approach might be to allocate public funds towards sustainable development initiatives on Earth, which have been shown to yield significant returns in terms of economic growth and environmental benefits.\nQUESTION: Can you provide empirical evidence to support the claim that investing in space exploration yields tangible economic benefits?\n", "meta": {}}]}}
{"ts": "2025-12-31T01:50:09.988344+00:00", "type": "STATE_TRANSITION", "snapshot": {"topic": "using public money for space exploration", "round_idx": 1, "next_speaker": "B", "status": "OK", "error": "", "summary": "Topic: using public money for space exploration. [R1:Scientist] QUOTE: (none)\nREBUT: While some may argue that investing in space exploration is essential for humanity's future, it is ...", "coherence_flags": [], "last_node": "Agent(Philosopher)", "turns_tail": [{"round": 1, "agent": "Scientist", "speaker": "A", "text": "QUOTE: (none)\nREBUT: While some may argue that investing in space exploration is essential for humanity's future, it is crucial to consider the financial implications of such a venture.\nNEW: A more effective approach might be to allocate public funds towards sustainable development initiatives on Earth, which have been shown to yield significant returns in terms of economic growth and environmental benefits.\nQUESTION: Can you provide empirical evidence to support the claim that investing in space exploration yields tangible economic benefits?\n", "meta": {}}]}}
{"ts": "2025-12-31T01:50:09.988344+00:00", "type": "STATE_TRANSITION", "snapshot": {"topic": "using public money for space exploration", "round_idx": 1, "next_speaker": "B", "status": "OK", "error": "", "summary": "Topic: using public money for space exploration. [R1:Scientist] QUOTE: (none)\nREBUT: While some may argue that investing in space exploration is essential for humanity's future, it is ...", "coherence_flags": [{"round": 2, "speaker": "B", "type": "RETRY", "retry": "1/2", "details": {"reason": "question_duplicate", "dup_same": null, "dup_any": null, "q_dup_same": null, "q_dup_any": {"method": "jaccard3gram", "score": 1.0, "matched_index": 0, "threshold": 0.85}, "template": false}}], "last_node": "MemoryNode", "turns_tail": [{"round": 1, "agent": "Scientist", "speaker": "A", "text": "QUOTE: (none)\nREBUT: While some may argue that investing in space exploration is essential for humanity's future, it is crucial to consider the financial implications of such a venture.\nNEW: A more effective approach might be to allocate public funds towards sustainable development initiatives on Earth, which have been shown to yield significant returns in terms of economic growth and environmental benefits.\nQUESTION: Can you provide empirical evidence to support the claim that investing in space exploration yields tangible economic benefits?\n", "meta": {}}]}}
{"ts": "2025-12-31T01:50:09.988344+00:00", "type": "STATE_TRANSITION", "snapshot": {"topic": "using public money for space exploration", "round_idx": 1, "next_speaker": "B", "status": "OK", "error": "", "summary": "Topic: using public money for space exploration. [R1:Scientist] QUOTE: (none)\nREBUT: While some may argue that investing in space exploration is essential for humanity's future, it is ...", "coherence_flags": [{"round": 2, "speaker": "B", "type": "RETRY", "retry": "1/2", "details": {"reason": "question_duplicate", "dup_same": null, "dup_any": null, "q_dup_same": null, "q_dup_any": {"method": "jaccard3gram", "score": 1.0, "matched_index": 0, "threshold": 0.85}, "template": false}}], "last_node": "Coordinator->Agent", "turns_tail": [{"round": 1, "agent": "Scientist", "speaker": "A", "text": "QUOTE: (none)\nREBUT: While some may argue that investing in space exploration is essential for humanity's future, it is crucial to consider the financial implications of such a venture.\nNEW: A more effective approach might be to allocate public funds towards sustainable development initiatives on Earth, which have been shown to yield significant returns in terms of economic growth and environmental benefits.\nQUESTION: Can you provide empirical evidence to support the claim that investing in space exploration yields tangible economic benefits?\n", "meta": {}}]}}
{"ts": "2025-12-31T01:52:03.925694+00:00", "type": "STATE_TRANSITION", "snapshot": {"topic": "using public money for space exploration", "round_idx": 1, "next_speaker": "B", "status": "OK", "error": "", "summary": "Topic: using public money for space exploration. [R1:Scientist] QUOTE: (none)\nREBUT: While some may argue that investing in space exploration is essential for humanity's future, it is ...", "coherence_flags": [{"round": 2, "speaker": "B", "type": "RETRY", "retry": "1/2", "details": {"reason": "question_duplicate", "dup_same": null, "dup_any": null, "q_dup_same": null, "q_dup_any": {"method": "jaccard3gram", "score": 1.0, "matched_index": 0, "threshold": 0.85}, "template": false}}], "last_node": "Agent(Philosopher)(FALLBACK_USED)", "turns_tail": [{"round": 1, "agent": "Scientist", "speaker": "A", "text": "QUOTE: (none)\nREBUT: While some may argue that investing in space exploration is essential for humanity's future, it is crucial to consider the financial implications of such a venture.\nNEW: A more effective approach might be to allocate public funds towards sustainable development initiatives on Earth, which have been shown to yield significant returns in terms of economic growth and environmental benefits.\nQUESTION: Can you provide empirical evidence to support the claim that investing in space exploration yields tangible economic benefits?\n", "meta": {}}]}}
{"ts": "2025-12-31T01:52:03.925694+00:00", "type": "STATE_TRANSITION", "snapshot": {"topic": "using public money for space exploration", "round_idx": 2, "next_speaker": "A", "status": "OK", "error": "", "summary": "Topic: using public money for space exploration. [R1:Scientist] QUOTE: (none)\nREBUT: While some may argue that investing in space exploration is essential for humanity's future, it is ...[R2:Philosopher] QUOTE: While some may argue that investing in space exploration is essential for humanity's future, it is crucial to con...", "coherence_flags": [{"round": 2, "speaker": "B", "type": "RETRY", "retry": "1/2", "details": {"reason": "question_duplicate", "dup_same": null, "dup_any": null, "q_dup_same": null, "q_dup_any": {"method": "jaccard3gram", "score": 1.0, "matched_index": 0, "threshold": 0.85}, "template": false}}], "last_node": "MemoryNode", "turns_tail": [{"round": 1, "agent": "Scientist", "speaker": "A", "text": "QUOTE: (none)\nREBUT: While some may argue that investing in space exploration is essential for humanity's future, it is crucial to consider the financial implications of such a venture.\nNEW: A more effective approach might be to allocate public funds towards sustainable development initiatives on Earth, which have been shown to yield significant returns in terms of economic growth and environmental benefits.\nQUESTION: Can you provide empirical evidence to support the claim that investing in space exploration yields tangible economic benefits?\n", "meta": {}}, {"round": 2, "agent": "Philosopher", "speaker": "B", "text": "QUOTE: While some may argue that investing in space exploration is essential for humanity's future, it is crucial to consider the financial implications of such a venture.\nREBUT: While the National Science Foundation study may provide a useful estimate of economic benefits, it is essential to consider the context and limitations of such findings. Furthermore, these benefits are not necessarily transferable to Earth-based industries without significant technological advancements or infrastructure development.\nNEW: A more nuanced approach would be to examine the specific sectors that could benefit most from space exploration, such as renewable energy, advanced materials, or sustainable agriculture, and invest in those areas with a greater potential for economic returns.\nQUESTION: Can you provide empirical evidence to support the claim that investing in space exploration yields tangible economic benefits across diverse industries?\n", "meta": {}}]}}
{"ts": "2025-12-31T01:52:03.925694+00:00", "type": "STATE_TRANSITION", "snapshot": {"topic": "using public money for space exploration", "round_idx": 2, "next_speaker": "A", "status": "OK", "error": "", "summary": "Topic: using public money for space exploration. [R1:Scientist] QUOTE: (none)\nREBUT: While some may argue that investing in space exploration is essential for humanity's future, it is ...[R2:Philosopher] QUOTE: While some may argue that investing in space exploration is essential for humanity's future, it is crucial to con...", "coherence_flags": [{"round": 2, "speaker": "B", "type": "RETRY", "retry": "1/2", "details": {"reason": "question_duplicate", "dup_same": null, "dup_any": null, "q_dup_same": null, "q_dup_any": {"method": "jaccard3gram", "score": 1.0, "matched_index": 0, "threshold": 0.85}, "template": false}}], "last_node": "Coordinator->Agent", "turns_tail": [{"round": 1, "agent": "Scientist", "speaker": "A", "text": "QUOTE: (none)\nREBUT: While some may argue that investing in space exploration is essential for humanity's future, it is crucial to consider the financial implications of such a venture.\nNEW: A more effective approach might be to allocate public funds towards sustainable development initiatives on Earth, which have been shown to yield significant returns in terms of economic growth and environmental benefits.\nQUESTION: Can you provide empirical evidence to support the claim that investing in space exploration yields tangible economic benefits?\n", "meta": {}}, {"round": 2, "agent": "Philosopher", "speaker": "B", "text": "QUOTE: While some may argue that investing in space exploration is essential for humanity's future, it is crucial to consider the financial implications of such a venture.\nREBUT: While the National Science Foundation study may provide a useful estimate of economic benefits, it is essential to consider the context and limitations of such findings. Furthermore, these benefits are not necessarily transferable to Earth-based industries without significant technological advancements or infrastructure development.\nNEW: A more nuanced approach would be to examine the specific sectors that could benefit most from space exploration, such as renewable energy, advanced materials, or sustainable agriculture, and invest in those areas with a greater potential for economic returns.\nQUESTION: Can you provide empirical evidence to support the claim that investing in space exploration yields tangible economic benefits across diverse industries?\n", "meta": {}}]}}
{"ts": "2025-12-31T01:52:23.905207+00:00", "type": "STATE_TRANSITION", "snapshot": {"topic": "using public money for space exploration", "round_idx": 2, "next_speaker": "A", "status": "OK", "error": "", "summary": "Topic: using public money for space exploration. [R1:Scientist] QUOTE: (none)\nREBUT: While some may argue that investing in space exploration is essential for humanity's future, it is ...[R2:Philosopher] QUOTE: While some may argue that investing in space exploration is essential for humanity's future, it is crucial to con...", "coherence_flags": [{"round": 2, "speaker": "B", "type": "RETRY", "retry": "1/2", "details": {"reason": "question_duplicate", "dup_same": null, "dup_any": null, "q_dup_same": null, "q_dup_any": {"method": "jaccard3gram", "score": 1.0, "matched_index": 0, "threshold": 0.85}, "template": false}}], "last_node": "Agent(Scientist)", "turns_tail": [{"round": 1, "agent": "Scientist", "speaker": "A", "text": "QUOTE: (none)\nREBUT: While some may argue that investing in space exploration is essential for humanity's future, it is crucial to consider the financial implications of such a venture.\nNEW: A more effective approach might be to allocate public funds towards sustainable development initiatives on Earth, which have been shown to yield significant returns in terms of economic growth and environmental benefits.\nQUESTION: Can you provide empirical evidence to support the claim that investing in space exploration yields tangible economic benefits?\n", "meta": {}}, {"round": 2, "agent": "Philosopher", "speaker": "B", "text": "QUOTE: While some may argue that investing in space exploration is essential for humanity's future, it is crucial to consider the financial implications of such a venture.\nREBUT: While the National Science Foundation study may provide a useful estimate of economic benefits, it is essential to consider the context and limitations of such findings. Furthermore, these benefits are not necessarily transferable to Earth-based industries without significant technological advancements or infrastructure development.\nNEW: A more nuanced approach would be to examine the specific sectors that could benefit most from space exploration, such as renewable energy, advanced materials, or sustainable agriculture, and invest in those areas with a greater potential for economic returns.\nQUESTION: Can you provide empirical evidence to support the claim that investing in space exploration yields tangible economic benefits across diverse industries?\n", "meta": {}}]}}
